{
    "id": "tabletop",
    "title": "Tabletop RPG System",
    "description": "A simple tabletop RPG system with exploration, initiative, and combat mechanics.",
    "version": "1.0.0",
    "compatibility": {
        "minimum": "10",
        "verified": "11"
    },
    "authors": [
        {
            "name": "Your Name",
            "url": "https://github.com/yourname"
        }
    ],
    "esmodules": [
        "module/tabletop.js"
    ],
    "styles": [
        "styles/tabletop.css"
    ],
    "scripts": [],
    "packs": [],
    "languages": [
        {
            "lang": "en",
            "name": "English",
            "path": "lang/en.json"
        }
    ],
    "gridDistance": 5,
    "gridUnits": "ft",
    "primaryTokenAttribute": "resources.hp",
    "secondaryTokenAttribute": "resources.wp",
    "url": "https://github.com/yourname/tabletop",
    "manifest": "https://raw.githubusercontent.com/yourname/tabletop/main/system.json",
    "download": "https://github.com/yourname/tabletop/archive/v1.0.0.zip"
}
