{
    "Actor": {
        "types": [
            "character",
            "npc"
        ],
        "htmlFields": [
            "biography"
        ],
        "character": {
            "biography": "",
            "attributes": {
                "str": {
                    "value": 10,
                    "label": "Strength",
                    "dtype": "Number"
                },
                "dex": {
                    "value": 10,
                    "label": "Dexterity",
                    "dtype": "Number"
                },
                "con": {
                    "value": 10,
                    "label": "Constitution",
                    "dtype": "Number"
                },
                "int": {
                    "value": 10,
                    "label": "Intelligence",
                    "dtype": "Number"
                },
                "wis": {
                    "value": 10,
                    "label": "Wisdom",
                    "dtype": "Number"
                },
                "cha": {
                    "value": 10,
                    "label": "Charisma",
                    "dtype": "Number"
                }
            },
            "resources": {
                "hp": {
                    "value": 10,
                    "min": 0,
                    "max": 10,
                    "label": "Hit Points",
                    "dtype": "Resource"
                },
                "wp": {
                    "value": 5,
                    "min": 0,
                    "max": 5,
                    "label": "Willpower",
                    "dtype": "Resource"
                }
            },
            "combat": {
                "initiative": {
                    "value": 0,
                    "formula": "1d20 + @attributes.dex.mod",
                    "label": "Initiative",
                    "dtype": "Formula"
                },
                "ac": {
                    "value": 10,
                    "formula": "10 + @attributes.dex.mod",
                    "label": "Armor Class",
                    "dtype": "Formula"
                },
                "speed": {
                    "value": 30,
                    "label": "Speed",
                    "dtype": "Number"
                }
            },
            "groups": {}
        },
        "npc": {
            "biography": "",
            "attributes": {
                "str": {
                    "value": 10,
                    "label": "Strength",
                    "dtype": "Number"
                },
                "dex": {
                    "value": 10,
                    "label": "Dexterity",
                    "dtype": "Number"
                },
                "con": {
                    "value": 10,
                    "label": "Constitution",
                    "dtype": "Number"
                },
                "int": {
                    "value": 10,
                    "label": "Intelligence",
                    "dtype": "Number"
                },
                "wis": {
                    "value": 10,
                    "label": "Wisdom",
                    "dtype": "Number"
                },
                "cha": {
                    "value": 10,
                    "label": "Charisma",
                    "dtype": "Number"
                }
            },
            "resources": {
                "hp": {
                    "value": 10,
                    "min": 0,
                    "max": 10,
                    "label": "Hit Points",
                    "dtype": "Resource"
                },
                "wp": {
                    "value": 5,
                    "min": 0,
                    "max": 5,
                    "label": "Willpower",
                    "dtype": "Resource"
                }
            },
            "combat": {
                "initiative": {
                    "value": 0,
                    "formula": "1d20 + @attributes.dex.mod",
                    "label": "Initiative"
                },
                "ac": {
                    "value": 10,
                    "formula": "10 + @attributes.dex.mod",
                    "label": "Armor Class"
                }
            },
            "groups": {}
        }
    },
    "Item": {
        "types": [
            "weapon",
            "armor",
            "spell",
            "ability",
            "gear"
        ],
        "htmlFields": [
            "description"
        ],
        "weapon": {
            "description": "",
            "quantity": 1,
            "weight": 0,
            "equipped": false,
            "weaponType": "",
            "weaponProperties": [],
            "damage": {
                "formula": "1d6",
                "type": "slashing"
            },
            "range": {
                "value": 5,
                "max": 5,
                "units": "ft"
            },
            "attackBonus": {
                "formula": "@attributes.str.mod",
                "type": "melee",
                "attribute": "str"
            },
            "attributes": {},
            "groups": {}
        },
        "armor": {
            "description": "",
            "quantity": 1,
            "weight": 0,
            "equipped": false,
            "armorType": "light",
            "armorBonus": 1,
            "dexLimit": null,
            "attributes": {},
            "groups": {}
        },
        "spell": {
            "description": "",
            "level": 1,
            "spellType": "",
            "school": "",
            "castingTime": "1 action",
            "range": {
                "value": 30,
                "units": "ft"
            },
            "duration": "Instant",
            "components": {
                "verbal": false,
                "somatic": false,
                "material": false,
                "materialDescription": ""
            },
            "damage": {
                "formula": "1d6",
                "type": "fire"
            },
            "save": {
                "attribute": "dex",
                "dc": 10
            },
            "wpCost": 1,
            "attributes": {},
            "groups": {}
        },
        "ability": {
            "description": "",
            "abilityType": "",
            "source": "",
            "wpCost": 1,
            "attributes": {},
            "groups": {}
        },
        "gear": {
            "description": "",
            "quantity": 1,
            "weight": 0,
            "attributes": {},
            "groups": {}
        }
    }
}
